{"loss": [1.3609917163848877, 1.3433513641357422, 1.324650526046753, 1.322136402130127, 1.2999122142791748, 1.3464192152023315, 1.3101072311401367, 1.2995238304138184, 1.2923755645751953, 1.3015822172164917, 1.2849340438842773, 1.2822858095169067, 1.2904939651489258, 1.2790818214416504, 1.2867558002471924, 1.281479001045227, 1.2773770093917847, 1.277602195739746, 1.2751257419586182, 1.2725541591644287, 1.27447509765625, 1.2754530906677246, 1.2725565433502197, 1.2703763246536255, 1.2697417736053467, 1.2696728706359863, 1.2690373659133911, 1.268263816833496, 1.2690150737762451, 1.2670559883117676, 1.2700002193450928, 1.270630121231079, 1.2681165933609009, 1.2660257816314697, 1.2650022506713867, 1.2661521434783936, 1.2654374837875366, 1.2644932270050049, 1.264426350593567, 1.2627508640289307, 1.264268398284912, 1.263063907623291, 1.261393666267395, 1.2602348327636719, 1.2586743831634521, 1.2613227367401123, 1.2607533931732178, 1.2587555646896362, 1.2571134567260742, 1.2556519508361816, 1.2573940753936768, 1.2560250759124756, 1.2539350986480713, 1.2527897357940674, 1.248840570449829, 1.2509832382202148, 1.2453112602233887, 1.2322149276733398, 1.227516770362854, 1.2249407768249512, 1.2004741430282593, 1.1966357231140137, 1.1758008003234863, 1.1798452138900757, 1.1738395690917969, 1.1644483804702759, 1.192519187927246, 1.14054274559021, 1.134103536605835, 1.124878168106079, 1.1362659931182861, 1.107088327407837, 1.0956562757492065, 1.081959843635559, 1.0873334407806396, 1.100754737854004, 1.0658167600631714, 1.0576012134552002, 1.0597411394119263, 1.0570077896118164, 1.0706475973129272, 1.0400798320770264, 1.0342631340026855, 1.0271532535552979, 1.0334737300872803, 1.0313844680786133, 1.0362763404846191, 1.0086153745651245, 1.0085828304290771, 0.9966076016426086, 1.0018939971923828, 0.9977735877037048, 1.0118399858474731, 0.9867041110992432, 0.9902624487876892, 0.9773184657096863, 0.9866451025009155, 0.9726028442382812, 0.9837958812713623, 0.9696162939071655], "val_loss": [1.4369235038757324, 1.3970775604248047, 1.3440836668014526, 1.3519593477249146, 1.4042999744415283, 1.3882734775543213, 1.361122965812683, 1.3461138010025024, 1.3671027421951294, 1.3441990613937378, 1.3454028367996216, 1.3517481088638306, 1.3444147109985352, 1.3616029024124146, 1.3413877487182617, 1.3418375253677368, 1.34475839138031, 1.3365525007247925, 1.3353217840194702, 1.338478684425354, 1.3374956846237183, 1.3329602479934692, 1.3318824768066406, 1.3325273990631104, 1.3330674171447754, 1.3313183784484863, 1.3294857740402222, 1.329749345779419, 1.3302228450775146, 1.3351211547851562, 1.33267080783844, 1.3268076181411743, 1.3262516260147095, 1.3284506797790527, 1.3313268423080444, 1.327542781829834, 1.3231656551361084, 1.3238898515701294, 1.326676607131958, 1.3307923078536987, 1.3248785734176636, 1.320120096206665, 1.3200982809066772, 1.3222192525863647, 1.3275580406188965, 1.322592854499817, 1.3168262243270874, 1.3166576623916626, 1.3192789554595947, 1.3234959840774536, 1.3180246353149414, 1.311915636062622, 1.311858892440796, 1.3135579824447632, 1.320054054260254, 1.3097362518310547, 1.2891781330108643, 1.2874784469604492, 1.2625142335891724, 1.2485435009002686, 1.2535637617111206, 1.2254234552383423, 1.2203761339187622, 1.2212179899215698, 1.2516403198242188, 1.2606617212295532, 1.1873645782470703, 1.1745703220367432, 1.2064470052719116, 1.2007211446762085, 1.162162184715271, 1.153979778289795, 1.146793246269226, 1.1518133878707886, 1.1597272157669067, 1.1168628931045532, 1.1180514097213745, 1.1208468675613403, 1.1264711618423462, 1.1262668371200562, 1.0920772552490234, 1.0894269943237305, 1.092288851737976, 1.0938373804092407, 1.0933369398117065, 1.0872136354446411, 1.0573142766952515, 1.0611834526062012, 1.0558762550354004, 1.060338020324707, 1.0639221668243408, 1.0664209127426147, 1.0402947664260864, 1.0424633026123047, 1.036523461341858, 1.0418285131454468, 1.0333853960037231, 1.038719654083252, 1.0282334089279175, 1.030104398727417]}