{"loss": [1.3919956684112549, 1.4256629943847656, 1.3591746091842651, 1.3328368663787842, 1.3218607902526855, 1.2985764741897583, 1.3042758703231812, 1.2961288690567017, 1.2973510026931763, 1.29587984085083, 1.2903637886047363, 1.2896273136138916, 1.2862887382507324, 1.2857798337936401, 1.2826944589614868, 1.2810817956924438, 1.2791584730148315, 1.2763521671295166, 1.2741732597351074, 1.271696925163269, 1.2683486938476562, 1.2640838623046875, 1.258984088897705, 1.2514175176620483, 1.2395166158676147, 1.2240111827850342, 1.2070763111114502, 1.1911652088165283, 1.1793792247772217, 1.1677237749099731, 1.1554782390594482, 1.1455433368682861, 1.1300406455993652, 1.1179817914962769, 1.1058876514434814, 1.101933479309082, 1.0954511165618896, 1.0861403942108154, 1.0794531106948853, 1.0693974494934082, 1.0597660541534424, 1.0502724647521973, 1.0418150424957275, 1.0477936267852783, 1.040684461593628, 1.0299923419952393, 1.022031545639038, 1.016987919807434, 1.0146327018737793, 1.0035295486450195, 1.0027258396148682, 0.9955717325210571, 0.992327868938446, 0.9934156537055969, 0.9892152547836304, 0.9858626127243042, 0.9936244487762451, 0.9900208115577698, 0.9886408448219299, 0.9879261255264282, 0.9841525554656982, 0.9813889265060425, 0.980313777923584, 0.9750673174858093, 0.9743379950523376, 0.9721400737762451, 0.9688995480537415, 0.9661954045295715, 0.9638277292251587, 0.9608385562896729, 0.9591968059539795, 0.959304690361023, 0.9562453031539917, 0.9550836086273193, 0.9524309039115906, 0.9506689310073853, 0.9495062828063965, 0.946671724319458, 0.9448050856590271, 0.943565309047699, 0.941256046295166, 0.9395347833633423, 0.938172459602356, 0.936211109161377, 0.9352953433990479, 0.93355393409729, 0.9314715266227722, 0.9310094118118286, 0.9298335313796997, 0.9273536205291748, 0.9266321659088135, 0.9272584915161133, 0.924217939376831, 0.9227657318115234, 0.9220415353775024, 0.9215376973152161, 0.9191689491271973, 0.9167987108230591, 0.9177480340003967, 0.915034294128418], "val_loss": [1.3251168727874756, 1.437464714050293, 1.350426197052002, 1.3530524969100952, 1.3246898651123047, 1.3256124258041382, 1.319331169128418, 1.3195559978485107, 1.3198930025100708, 1.31410551071167, 1.3127447366714478, 1.3090709447860718, 1.3091034889221191, 1.3062565326690674, 1.3052783012390137, 1.3022925853729248, 1.3001420497894287, 1.2983649969100952, 1.2953133583068848, 1.2917271852493286, 1.287978172302246, 1.2832435369491577, 1.2763959169387817, 1.2655887603759766, 1.2504595518112183, 1.234039068222046, 1.2181726694107056, 1.2062467336654663, 1.1958669424057007, 1.1855525970458984, 1.1741008758544922, 1.1610947847366333, 1.1498990058898926, 1.138010025024414, 1.1300362348556519, 1.1185495853424072, 1.1089706420898438, 1.1065895557403564, 1.1087146997451782, 1.0983061790466309, 1.088952660560608, 1.0821441411972046, 1.078644037246704, 1.070433259010315, 1.0624022483825684, 1.0581916570663452, 1.0455868244171143, 1.0400853157043457, 1.0341594219207764, 1.038026213645935, 1.024407148361206, 1.0205191373825073, 1.0236382484436035, 1.018044352531433, 1.0167250633239746, 1.0187256336212158, 1.017037034034729, 1.007541537284851, 1.0156700611114502, 1.005425214767456, 1.0106559991836548, 1.0099738836288452, 1.0041693449020386, 1.0010490417480469, 0.9976814985275269, 0.9921699166297913, 0.9908508062362671, 0.9890465140342712, 0.9877936840057373, 0.988169252872467, 0.9879391193389893, 0.9841410517692566, 0.981621503829956, 0.9810116291046143, 0.9798364043235779, 0.9766018986701965, 0.9746987223625183, 0.9729999303817749, 0.9715288877487183, 0.9696113467216492, 0.9679902791976929, 0.966163158416748, 0.9643101692199707, 0.9630506038665771, 0.9618735909461975, 0.9604014158248901, 0.9589344263076782, 0.9586673974990845, 0.9561936855316162, 0.9551801085472107, 0.9560765027999878, 0.9533612728118896, 0.9532172679901123, 0.9507243037223816, 0.9515886902809143, 0.9491556882858276, 0.9475513696670532, 0.9463872313499451, 0.9449028372764587, 0.9438362121582031]}