{"loss": [1.1099061965942383, 0.8842308521270752, 0.8498514890670776, 0.8392876386642456, 0.8604016900062561, 0.8492485284805298, 0.8408252596855164, 0.8332195281982422, 0.8096423745155334, 0.8068059086799622, 0.8080717921257019, 0.8086540699005127, 0.8088297247886658, 0.8099855184555054, 0.8076249361038208, 0.807360827922821, 0.8252921104431152, 0.8140358328819275, 0.8055986166000366, 0.8028374910354614, 0.806279718875885, 0.8032729625701904, 0.80328369140625, 0.8020883202552795, 0.8012793660163879, 0.7971253395080566, 0.7981970906257629, 0.7879249453544617, 0.7710529565811157, 0.7458804249763489, 0.6991064548492432, 0.6116735339164734, 0.4991537034511566, 0.4404057562351227, 0.426096647977829, 0.41669762134552, 0.4068530201911926, 0.3989059329032898, 0.39826589822769165, 0.38723573088645935, 0.37807953357696533, 0.3748342990875244, 0.3817124664783478, 0.358540803194046, 0.39022335410118103, 0.35362738370895386, 0.34900346398353577, 0.34839993715286255, 0.343679815530777, 0.3437210023403168, 0.3371823728084564, 0.3288974165916443, 0.30772680044174194, 0.27145516872406006, 0.2707667052745819, 0.2603711783885956, 0.26231318712234497, 0.27918943762779236, 0.26178276538848877, 0.255489319562912, 0.260445773601532, 0.2557390034198761, 0.2677832543849945, 0.2541579306125641, 0.25507625937461853, 0.2535959780216217, 0.25646358728408813, 0.2577286660671234, 0.2675665020942688, 0.2535451352596283, 0.25571316480636597, 0.2520826756954193, 0.253366082906723, 0.2519318461418152, 0.25369012355804443, 0.26229289174079895, 0.24978399276733398, 0.24601148068904877, 0.2533722519874573, 0.2535357177257538, 0.24416999518871307, 0.2437218874692917, 0.2576240599155426, 0.2415046989917755, 0.25388598442077637, 0.24143797159194946, 0.23959428071975708, 0.2413635551929474, 0.25320786237716675, 0.23553746938705444, 0.23833517730236053, 0.24082249402999878, 0.2365155667066574, 0.2502129375934601, 0.23063260316848755, 0.24046245217323303, 0.2285599261522293, 0.22626158595085144, 0.22619320452213287, 0.23085704445838928], "val_loss": [0.9248575568199158, 0.856132447719574, 0.8346750736236572, 0.8357459902763367, 0.8715744018554688, 0.8575924634933472, 0.8245181441307068, 0.8312548398971558, 0.8096016049385071, 0.8082063794136047, 0.8079078793525696, 0.8178607225418091, 0.8221203684806824, 0.8095995187759399, 0.8208480477333069, 0.8333820700645447, 0.8350008130073547, 0.8114767074584961, 0.8041855096817017, 0.8155003786087036, 0.8158178329467773, 0.8084768056869507, 0.8050283193588257, 0.8034473061561584, 0.7965726256370544, 0.7902445793151855, 0.833951473236084, 0.7803806662559509, 0.7582722902297974, 0.7464993596076965, 0.6771054863929749, 0.5606358647346497, 0.46013739705085754, 0.4249037206172943, 0.42150259017944336, 0.41400569677352905, 0.4118925631046295, 0.3947139382362366, 0.3846721947193146, 0.3928753733634949, 0.3904518187046051, 0.36809206008911133, 0.36086663603782654, 0.35745710134506226, 0.3580445647239685, 0.3470389246940613, 0.35921236872673035, 0.3416372537612915, 0.3326866328716278, 0.3527897298336029, 0.32648882269859314, 0.3151801824569702, 0.2851024568080902, 0.2560417354106903, 0.3074171543121338, 0.257711261510849, 0.28988274931907654, 0.26863640546798706, 0.2520500123500824, 0.24982477724552155, 0.25198912620544434, 0.2498060166835785, 0.25690168142318726, 0.2558806836605072, 0.26286351680755615, 0.2494417279958725, 0.28923195600509644, 0.2605554461479187, 0.2665632963180542, 0.24582800269126892, 0.25004035234451294, 0.247548907995224, 0.3076394200325012, 0.2542039453983307, 0.24595044553279877, 0.2757894992828369, 0.26448118686676025, 0.24196484684944153, 0.2637346386909485, 0.23905310034751892, 0.239058256149292, 0.2453009933233261, 0.2416309267282486, 0.2455597072839737, 0.24397768080234528, 0.24081280827522278, 0.2384137362241745, 0.25302666425704956, 0.2335486114025116, 0.23137059807777405, 0.2533416450023651, 0.234811469912529, 0.24796929955482483, 0.22818224132061005, 0.2261616587638855, 0.2622094750404358, 0.22635804116725922, 0.22889316082000732, 0.22757349908351898, 0.24643254280090332]}